name,batting_avg,batting_strike_rate,MRA,outrate,BRPI,innings_batted,bowling_avg,bowling_sr,bowling_er,bowling_outrate,maidens,innings_bowled
Faf du Plessis,41.875,0.8897047336353695,0.33088235294117646,0.017965942821434152,17.470588235294116,136,94.5,96.0,5.90625,0.010416666666666666,0.0,11
Ben Wheeler,14.5,1.2340425531914894,0.0,0.0,8.5,4,30.25,24.75,7.333333333333333,0.04040404040404041,1.0,6
David Warner,44.81818181818182,0.9596531587329676,0.32231404958677684,0.020173420633516192,22.363636363636363,121,-1.0,-1.0,8.0,0.0,0.0,1
Hasan Ali,9.931034482758621,1.1851851851851851,0.06896551724137931,0.06995884773662552,6.0,29,43.0,41.16774193548387,6.267042783262812,0.024290863501018653,4.0,51
Shai Hope,46.47945205479452,0.7475214805023133,0.3424657534246575,0.013218770654329148,18.054794520547944,73,-1.0,-1.0,-1.0,-1.0,-1.0,0
Hamid Hassan,4.863636363636363,0.5911602209944752,0.0,0.06629834254143646,2.3636363636363638,22,20.5,27.3,4.5054945054945055,0.036630036630036625,11.0,37
Abu Jayed,-1.0,-1.0,-1.0,-1.0,-1.0,0,-1.0,-1.0,-1.0,-1.0,0.0,2
Sharafuddin Ashraf,6.6,0.6804123711340206,0.0,0.05154639175257732,2.4,10,28.77777777777778,42.0,4.111111111111111,0.023809523809523808,2.0,17
Bjorn Fortuin,-1.0,-1.0,-1.0,-1.0,-1.0,0,-1.0,-1.0,-1.0,-1.0,-1.0,0
Mirwais Ashraf,10.289473684210526,0.7322097378277154,0.02631578947368421,0.0449438202247191,4.842105263157895,38,28.08823529411765,39.7764705882353,4.236912156166815,0.025140490979000295,15.0,45
Alex Carey,28.125,0.9193054136874361,0.125,0.024514811031664963,12.75,32,-1.0,-1.0,-1.0,-1.0,-1.0,0
Shardul Thakur,12.833333333333334,1.54,0.0,0.06,8.333333333333334,6,61.2,52.92,6.938775510204081,0.018896447467876037,1.0,11
Mohammed Siraj,-1.0,-1.0,-1.0,-1.0,-1.0,0,-1.0,-1.0,-1.0,-1.0,0.0,1
Hayden Walsh,19.8,0.8608695652173913,0.0,0.02608695652173913,10.0,5,29.8,28.079999999999995,6.367521367521368,0.03561253561253562,0.0,10
Sarfaraz Ahmed,26.155555555555555,0.8806584362139918,0.14444444444444443,0.025065469509913955,8.444444444444445,90,-1.0,-1.0,7.5,0.0,0.0,1
Mohammad Amir,12.366666666666667,0.8431818181818181,0.06666666666666667,0.03409090909090909,5.866666666666666,30,34.935483870967744,42.116129032258065,4.977022058823529,0.023743872549019607,13.0,60
Billy Stanlake,0.8,0.17391304347826086,0.0,0.08695652173913043,0.0,5,40.666666666666664,42.0,5.809523809523809,0.023809523809523808,1.0,7
M S Dhoni,37.39057239057239,0.8794646392650669,0.2760942760942761,0.01607666112299042,15.75084175084175,297,-1.0,-1.0,-1.0,-1.0,0.0,2
George Dockrell,10.298245614035087,0.7089371980676329,0.03508771929824561,0.036231884057971016,3.6491228070175437,57,43.95454545454545,54.531818181818174,4.836209052263066,0.01833791781278653,18.0,85
Glenn Maxwell,29.57,1.2482059940903334,0.19,0.03376952300548755,17.08,100,55.0,59.21538461538461,5.572876071706937,0.01688750324759678,6.0,86
JJ Smuts,41.75,0.7731481481481481,0.25,0.013888888888888888,19.5,4,32.333333333333336,44.0,4.409090909090909,0.022727272727272728,1.0,3
Shuvagata Hom,23.333333333333332,0.813953488372093,0.0,0.023255813953488372,12.0,3,-1.0,-1.0,4.5,0.0,0.0,1
Rohit Sharma,43.33179723502304,0.8950975725844835,0.3317972350230415,0.016373155640171347,21.75115207373272,217,111.75,123.75,5.418181818181818,0.00808080808080808,2.0,38
Matt Parkinson,-1.0,-1.0,-1.0,-1.0,-1.0,0,-1.0,-1.0,-1.0,-1.0,0.0,2
Asif Ali,26.642857142857142,1.2951388888888888,0.21428571428571427,0.04513888888888889,14.714285714285714,14,-1.0,-1.0,10.0,0.0,0.0,1
Sam Billings,23.25,0.9147540983606557,0.16666666666666666,0.036065573770491806,10.666666666666666,12,-1.0,-1.0,-1.0,-1.0,-1.0,0
Tim Seifert,16.5,1.2222222222222223,0.0,0.07407407407407407,7.0,2,-1.0,-1.0,-1.0,-1.0,-1.0,0
Niall O'Brien,26.306930693069308,0.7136717700778942,0.18811881188118812,0.023905452591995703,10.415841584158416,101,-1.0,-1.0,-1.0,-1.0,-1.0,0
Ishant Sharma,2.5714285714285716,0.4067796610169492,0.0,0.05649717514124294,0.8571428571428571,28,33.46153846153846,32.33076923076923,6.209850107066381,0.030930287889602667,7.0,78
Johnson Charles,27.229166666666668,0.8587385019710907,0.125,0.026938239159001315,16.041666666666668,48,-1.0,-1.0,14.0,0.0,0.0,1
Seth Rance,-1.0,-1.0,-1.0,-1.0,-1.0,0,-1.0,-1.0,-1.0,-1.0,0.0,2
Stuart Poynter,9.736842105263158,0.6826568265682657,0.0,0.04428044280442804,3.1578947368421053,19,-1.0,-1.0,-1.0,-1.0,-1.0,0
Anamul Haque,30.742857142857144,0.722632639355272,0.17142857142857143,0.019476158495634655,15.028571428571428,35,-1.0,-1.0,-1.0,-1.0,-1.0,0
Mohammad Rizwan,25.892857142857142,0.9039900249376559,0.17857142857142858,0.02493765586034913,10.0,28,-1.0,-1.0,-1.0,-1.0,-1.0,0
Andre Fletcher,14.48,0.6666666666666666,0.08,0.040515653775322284,8.4,25,-1.0,-1.0,5.454545454545454,0.0,0.0,3
Dhawal Kulkarni,13.5,0.9642857142857143,0.0,0.0,7.0,2,50.5,42.0,7.214285714285714,0.023809523809523808,0.0,12
Paul Stirling,37.271929824561404,0.8735608552631579,0.2807017543859649,0.020970394736842105,20.50877192982456,114,39.906976744186046,50.34418604651163,4.7560975609756095,0.019863266814486327,7.0,73
Shapoor Zadran,2.4814814814814814,0.536,0.0,0.048,1.4074074074074074,27,38.5,50.74285714285715,4.552364864864865,0.019707207207207204,11.0,44
Fabian Allen,12.25,1.1136363636363635,0.08333333333333333,0.06060606060606061,8.0,12,87.66666666666667,92.0,5.717391304347826,0.010869565217391304,0.0,12
Kane Williamson,44.3125,0.8222938144329897,0.3611111111111111,0.01610824742268041,17.63888888888889,144,34.08571428571429,37.354285714285716,5.474988526847177,0.026770689918923053,1.0,65
Ashton Turner,29.2,1.2920353982300885,0.2,0.035398230088495575,16.0,5,-1.0,-1.0,-1.0,-1.0,-1.0,0
Yasir Shah,9.76923076923077,0.8581081081081081,0.0,0.033783783783783786,3.230769230769231,13,123.2,116.4,6.350515463917525,0.00859106529209622,1.0,24
Shimron Hetmeyer,34.904761904761905,1.0795287187039764,0.21428571428571427,0.027245949926362298,17.714285714285715,42,-1.0,-1.0,-1.0,-1.0,-1.0,0
George Bailey,36.98823529411764,0.8384,0.29411764705882354,0.0192,14.470588235294118,85,-1.0,-1.0,-1.0,-1.0,-1.0,0
Ben Stokes,34.24691358024691,0.9474043715846995,0.2839506172839506,0.020833333333333332,16.271604938271604,81,40.131147540983605,39.71803278688524,6.062407132243686,0.025177480600957574,6.0,80
Mohammad Irfan,1.4545454545454546,0.48,0.0,0.04,0.6060606060606061,33,35.73684210526316,42.410526315789475,5.05584512285927,0.023579051873914122,9.0,60
Imad Wasim,24.923076923076923,1.0983050847457627,0.1282051282051282,0.024858757062146894,11.846153846153847,39,62.65217391304348,72.07826086956523,5.215345638798407,0.013873808662082276,5.0,51
Mehidy Hasan,15.26923076923077,0.7723735408560312,0.038461538461538464,0.042801556420233464,6.923076923076923,26,42.56,53.544,4.769161810847154,0.01867622889586135,6.0,40
Imrul Kayes,32.23076923076923,0.7140017040613462,0.2564102564102564,0.021016756603237718,15.051282051282051,78,-1.0,-1.0,-1.0,-1.0,-1.0,0
David Miller,29.00877192982456,1.0159754224270354,0.16666666666666666,0.022119815668202765,13.017543859649123,114,-1.0,-1.0,-1.0,-1.0,-1.0,0
Ben Cutting,26.5,0.7910447761194029,0.0,0.029850746268656716,11.0,2,60.0,96.0,3.75,0.010416666666666666,0.0,4
Dinesh Karthik,22.632911392405063,0.745,0.11392405063291139,0.021666666666666667,10.050632911392405,79,-1.0,-1.0,-1.0,-1.0,-1.0,0
Taijul Islam,12.6,0.8181818181818182,0.0,0.03896103896103896,6.8,5,75.5,120.0,3.775,0.008333333333333333,3.0,9
Saqib Mahmood,-1.0,-1.0,-1.0,-1.0,-1.0,0,-1.0,-1.0,-1.0,-1.0,0.0,1
Taskin Ahmed,2.5625,0.45054945054945056,0.0,0.07692307692307693,0.5,16,40.666666666666664,37.0,6.594594594594595,0.02702702702702703,2.0,31
Liam Plunkett,13.0,1.0466988727858293,0.02,0.04508856682769726,6.4,50,28.79746835443038,29.17974683544304,5.921395106715252,0.03427034530626409,11.0,87
Rumman Raees,6.75,1.173913043478261,0.0,0.08695652173913043,5.0,4,25.333333333333332,24.5,6.204081632653061,0.04081632653061224,0.0,9
Shafiul Islam,3.9411764705882355,0.6568627450980392,0.0,0.06372549019607843,1.8823529411764706,34,34.096774193548384,32.670967741935485,6.261848341232227,0.03060821484992101,9.0,60
Adam Milne,9.882352941176471,1.0434782608695652,0.0,0.049689440993788817,4.0,17,40.93333333333333,43.12,5.695732838589982,0.02319109461966605,3.0,39
Mohammad Nabi,25.410714285714285,0.8621629809148743,0.14285714285714285,0.028476219327476522,10.928571428571429,112,31.225,43.37,4.3198063177311505,0.023057412958266084,34.0,120
Liam Dawson,7.0,0.8235294117647058,0.0,0.11764705882352941,2.0,2,32.0,28.0,6.857142857142857,0.03571428571428571,0.0,2
Aftab Alam,4.705882352941177,0.8,0.0,0.04,2.9411764705882355,17,20.863636363636363,26.072727272727267,4.801255230125523,0.038354253835425386,7.0,27
Washington Sundar,-1.0,-1.0,-1.0,-1.0,-1.0,0,-1.0,-1.0,-1.0,-1.0,0.0,1
Soumya Sarkar,32.96296296296296,0.9955257270693513,0.24074074074074073,0.025727069351230425,19.48148148148148,54,37.375,36.75,6.1020408163265305,0.027210884353741496,0.0,14
Rassie van der Dussen,45.9375,0.8193979933110368,0.4375,0.011148272017837236,16.25,16,-1.0,-1.0,-1.0,-1.0,-1.0,0
Sean Terry,6.4,0.48484848484848486,0.0,0.06060606060606061,2.4,5,-1.0,-1.0,-1.0,-1.0,-1.0,0
Abu Hider,1.0,0.09090909090909091,0.0,0.09090909090909091,0.0,1,25.0,27.0,5.555555555555555,0.037037037037037035,1.0,2
Daniel Christian,15.166666666666666,0.8892508143322475,0.0,0.04234527687296417,6.111111111111111,18,30.166666666666668,37.36666666666666,4.843889384478144,0.02676181980374666,4.0,19
Asad Shafiq,23.655172413793103,0.6798810703666998,0.15517241379310345,0.024281466798810703,7.9655172413793105,58,-1.0,-1.0,9.0,0.0,0.0,2
Tim Paine,26.114285714285714,0.7123928293063133,0.17142857142857143,0.024162120031176928,12.342857142857143,35,-1.0,-1.0,-1.0,-1.0,-1.0,0
Marlon Samuels,29.418367346938776,0.7575877020102483,0.20408163265306123,0.02089081592432006,14.346938775510203,196,45.13414634146341,55.836585365853665,4.849954134451579,0.017909404621500022,21.0,134
Noor Ali Zadran,24.96,0.6377107818088912,0.16,0.02350536535513541,11.04,50,-1.0,-1.0,-1.0,-1.0,-1.0,0
Imam-ul-Haq,47.972972972972975,0.808287795992714,0.35135135135135137,0.014116575591985429,17.027027027027028,37,-1.0,-1.0,-1.0,-1.0,-1.0,0
Ajinkya Rahane,35.28735632183908,0.7916451779267664,0.3103448275862069,0.020113460546673543,15.74712643678161,87,-1.0,-1.0,-1.0,-1.0,-1.0,0
Shikhar Dhawan,44.150375939849624,0.9435963361722641,0.3383458646616541,0.019443998071669612,24.42105263157895,133,-1.0,-1.0,-1.0,-1.0,-1.0,0
Colin de Grandhomme,22.363636363636363,1.1148036253776434,0.12121212121212122,0.03625377643504532,12.181818181818182,33,54.8235294117647,64.23529411764706,5.1208791208791204,0.015567765567765568,4.0,42
Ambati Rayudu,34.92,0.7958067456700091,0.26,0.01504102096627165,15.2,50,37.0,36.2,6.132596685082873,0.027624309392265192,1.0,9
Kagiso Rabada,9.25,0.7824773413897281,0.0,0.04229607250755287,3.9285714285714284,28,36.59375,41.175,5.332422586520948,0.024286581663630846,11.0,73
Mitchell Starc,7.352941176470588,0.9079903147699758,0.0196078431372549,0.05811138014527845,3.176470588235294,51,29.483333333333334,32.2,5.4937888198757765,0.031055900621118012,16.0,91
Steven Finn,4.533333333333333,0.6666666666666666,0.0,0.049019607843137254,2.066666666666667,30,36.857142857142854,39.107142857142854,5.654794520547945,0.025570776255707764,10.0,67
Navdeep Saini,26.5,0.9636363636363636,0.0,0.01818181818181818,20.0,2,-1.0,-1.0,6.444444444444445,0.0,0.0,5
Shadab Khan,15.863636363636363,0.698,0.13636363636363635,0.022,4.7272727272727275,22,31.103448275862068,36.889655172413796,5.058889512058328,0.0271078706300243,4.0,41
Nurul Hasan,34.0,0.9714285714285714,0.0,0.02857142857142857,14.0,2,-1.0,-1.0,-1.0,-1.0,-1.0,0
Naveen -ul-Haq,3.0,0.45,0.0,0.05,1.3333333333333333,3,22.5,25.5,5.294117647058823,0.0392156862745098,1.0,4
Mark Adair,14.727272727272727,0.9529411764705882,0.0,0.052941176470588235,7.818181818181818,11,38.714285714285715,35.52857142857143,6.537997587454765,0.028146361077603536,3.0,12
Aiden Markram,27.125,0.8543307086614174,0.08333333333333333,0.028871391076115485,15.166666666666666,24,44.0,40.0,6.6,0.025,0.0,6
Steve Smith,39.07272727272727,0.8698643999190447,0.3090909090909091,0.018822100789313904,14.763636363636364,110,33.0,37.51428571428572,5.277989337395278,0.026656511805026654,1.0,40
Axar Patel,9.05,0.9731182795698925,0.0,0.05913978494623656,4.0,20,32.63157894736842,42.978947368421046,4.555473916238061,0.023267205486162137,4.0,35
Kesrick Williams,3.8,0.76,0.0,0.04,0.8,5,58.0,75.0,4.64,0.013333333333333334,0.0,7
Umesh Yadav,3.2916666666666665,0.7314814814814815,0.0,0.05555555555555555,1.5833333333333333,24,40.06666666666667,37.6,6.3936170212765955,0.026595744680851064,4.0,73
Adam Zampa,4.875,0.6802325581395349,0.0,0.08139534883720931,1.5833333333333333,24,43.13636363636363,48.08181818181819,5.382870107770845,0.02079788239742862,0.0,55
Andrew Tye,8.142857142857142,1.1875,0.0,0.08333333333333333,4.571428571428571,7,32.5,31.95,6.103286384976526,0.03129890453834116,1.0,7
Lendl Simmons,31.23076923076923,0.7408759124087592,0.27692307692307694,0.019343065693430656,14.584615384615384,65,163.0,150.0,6.52,0.006666666666666667,0.0,12
Tabraiz Shamsi,0.0,-1.0,0.0,-1.0,0.0,3,-1.0,-1.0,-1.0,-1.0,0.0,21
Nasir Hossain,25.173076923076923,0.8040540540540541,0.1346153846153846,0.02457002457002457,10.346153846153847,52,75.125,91.725,4.9141455437448895,0.010902153175252113,4.0,43
Sabbir Rahman,23.06779661016949,0.9189736664415935,0.11864406779661017,0.03173531397704254,12.813559322033898,59,99.0,87.2,6.811926605504587,0.01146788990825688,0.0,21
Ish Sodhi,5.785714285714286,0.8350515463917526,0.0,0.07216494845360824,2.857142857142857,14,43.0,39.3,6.564885496183206,0.02544529262086514,3.0,32
Nathan Lyon,5.5,0.9506172839506173,0.0,0.037037037037037035,2.857142857142857,14,40.083333333333336,49.5,4.858585858585859,0.020202020202020204,4.0,29
Jacob Mulder,7.5,1.3636363636363635,0.0,0.0,4.0,2,-1.0,-1.0,9.0,0.0,0.0,4
Matthew Wade,22.7625,0.8262250453720508,0.1375,0.029038112522686024,8.775,80,-1.0,-1.0,-1.0,-1.0,-1.0,0
Ed Joyce,35.142857142857146,0.7274193548387097,0.2597402597402597,0.017204301075268817,15.142857142857142,77,-1.0,-1.0,-1.0,-1.0,-1.0,0
Usman Shinwari,1.5,3.0,0.0,0.5,1.5,4,-1.0,-1.0,5.3,0.0,0.0,17
Lorcan Tucker,18.25,0.7448979591836735,0.125,0.030612244897959183,6.5,8,-1.0,-1.0,-1.0,-1.0,-1.0,0
Dawlat Zadran,9.160714285714286,0.8142857142857143,0.0,0.03492063492063492,5.107142857142857,56,33.96363636363636,37.87636363636364,5.380184331797234,0.02640168970814132,27.0,80
Mahmudullah,25.558282208588956,0.7719103205484529,0.147239263803681,0.020937557902538446,9.975460122699387,163,47.37096774193548,54.096774193548384,5.254025044722719,0.018485390578413835,12.0,136
Luke Ronchi,20.83823529411765,1.1605241605241605,0.07352941176470588,0.042588042588042586,12.5,68,-1.0,-1.0,-1.0,-1.0,-1.0,0
Trent Boult,3.975,0.8112244897959183,0.0,0.08163265306122448,2.4,40,27.576271186440678,32.30847457627118,5.1211835064526285,0.030951631518203758,23.0,90
Imran Tahir,4.361111111111111,0.785,0.0,0.07,2.5,36,27.97142857142857,35.98285714285714,4.66412577417818,0.027791011592821976,10.0,104
Abdur Razzak,8.041237113402062,0.7983623336745138,0.010309278350515464,0.04503582395087001,3.5670103092783507,97,34.83870967741935,45.0516129032258,4.639839610482601,0.022196763568666764,36.0,152
Jasprit Bumrah,1.2666666666666666,0.9047619047619048,0.0,0.047619047619047616,0.9333333333333333,15,49.2,53.4,5.52808988764045,0.018726591760299626,2.0,64
Gary Wilson,21.454545454545453,0.7276464542651593,0.13131313131313133,0.02774922918807811,8.606060606060606,99,-1.0,-1.0,-1.0,-1.0,-1.0,0
Xavier Marshall,16.324324324324323,0.6718576195773082,0.05405405405405406,0.03114571746384872,9.135135135135135,37,-1.0,-1.0,10.0,0.0,0.0,2
Deepak Chahar,9.0,0.8181818181818182,0.0,0.045454545454545456,2.0,2,42.5,42.0,6.071428571428571,0.023809523809523808,1.0,3
KL Rahul,41.38709677419355,0.8799725651577504,0.3548387096774194,0.01646090534979424,17.483870967741936,31,-1.0,-1.0,-1.0,-1.0,-1.0,0
Umar Gul,7.030769230769231,0.7418831168831169,0.0,0.060064935064935064,3.5076923076923077,65,35.71875,39.225,5.463671128107074,0.025493945188017845,19.0,128
Peter Chase,2.1875,0.875,0.0,0.075,1.125,16,40.0,36.6,6.557377049180328,0.0273224043715847,0.0,24
Umar Akmal,29.836363636363636,0.8661916072842438,0.2,0.022433359725521247,12.636363636363637,110,-1.0,-1.0,-1.0,-1.0,-1.0,0
Kieron Pollard,24.5,0.9604221635883905,0.125,0.030908405578590276,13.25,104,41.56818181818182,43.10454545454546,5.786143625434988,0.023199409469577135,2.0,77
Mominul Haque,21.884615384615383,0.745740498034076,0.11538461538461539,0.03145478374836173,9.461538461538462,26,27.142857142857142,33.42857142857143,4.871794871794871,0.029914529914529916,1.0,12
B J Watling,23.72,0.7001180637544274,0.16,0.023612750885478158,10.0,25,-1.0,-1.0,-1.0,-1.0,-1.0,0
Wayne Parnell,13.473684210526315,0.7913446676970634,0.02631578947368421,0.03245749613601236,5.368421052631579,38,33.0,35.53333333333333,5.5722326454033775,0.028142589118198873,10.0,61
Parvez Rasool,-1.0,-1.0,-1.0,-1.0,-1.0,0,-1.0,-1.0,-1.0,-1.0,0.0,1
Barry McCarthy,7.0476190476190474,0.6218487394957983,0.0,0.058823529411764705,2.761904761904762,21,29.25,28.106250000000003,6.244162775183455,0.0355792750722704,6.0,30
Afsar Zazai,17.0,0.5483870967741935,0.125,0.024193548387096774,3.75,16,-1.0,-1.0,-1.0,-1.0,-1.0,0
Moeen Ali,21.867469879518072,1.0503472222222223,0.0963855421686747,0.037037037037037035,11.903614457831326,83,44.863013698630134,50.794520547945204,5.299352750809062,0.019687162891046387,8.0,96
Barinder Sran,-1.0,-1.0,-1.0,-1.0,-1.0,0,-1.0,-1.0,-1.0,-1.0,0.0,6
Jhye Richardson,11.5,0.8846153846153846,0.0,0.04807692307692308,3.5,8,45.0,44.666666666666664,6.044776119402985,0.022388059701492536,3.0,13
Anrich Nortje,4.5,0.47368421052631576,0.0,0.05263157894736842,0.0,2,16.0,21.15,4.539007092198582,0.047281323877068564,0.0,7
Jos Butler,33.837606837606835,1.2121861604409063,0.24786324786324787,0.02510716472749541,17.333333333333332,117,-1.0,-1.0,-1.0,-1.0,-1.0,0
Ravindra Jadeja,21.30909090909091,0.8671846096929338,0.10909090909090909,0.0244173140954495,8.6,110,41.29126213592233,50.359223300970875,4.919606709080393,0.019857335646809332,27.0,161
Sheldon Cottrell,4.9411764705882355,0.7777777777777778,0.0,0.05555555555555555,2.823529411764706,17,31.476190476190474,32.62857142857143,5.788091068301226,0.030647985989492116,2.0,33
Peter Handscomb,32.6,0.9804511278195489,0.25,0.02556390977443609,11.0,20,-1.0,-1.0,-1.0,-1.0,-1.0,0
Denesh Ramdin,20.363636363636363,0.8104196816208393,0.08181818181818182,0.030390738060781478,7.654545454545454,110,-1.0,-1.0,-1.0,-1.0,-1.0,0
Mushfiqur Rahim,31.147058823529413,0.7980406932931424,0.22058823529411764,0.020221049987440343,12.058823529411764,204,-1.0,-1.0,-1.0,-1.0,-1.0,0
Hussain Talat,2.0,0.14285714285714285,0.0,0.07142857142857142,0.0,1,-1.0,-1.0,8.0,0.0,0.0,1
Hazratullah Zazai,23.0625,0.8891566265060241,0.125,0.03614457831325301,15.875,16,-1.0,-1.0,-1.0,-1.0,-1.0,0
Faheem Ashraf,10.8,0.8571428571428571,0.0,0.0582010582010582,5.866666666666666,15,53.3,54.42,5.8765159867695695,0.018375597206909223,1.0,22
Hardik Pandya,25.605263157894736,1.1666666666666667,0.10526315789473684,0.03477218225419664,13.578947368421053,38,45.3235294117647,47.52352941176471,5.722242851838098,0.021042208194083423,4.0,53
George Worker,28.4,0.7189873417721518,0.3,0.020253164556962026,11.0,10,-1.0,-1.0,5.0,0.0,0.0,1
Shivam Dube,9.0,1.5,0.0,0.16666666666666666,4.0,1,-1.0,-1.0,8.666666666666666,0.0,0.0,1
Iftikhar Ahmed,17.0,0.9315068493150684,0.0,0.0273972602739726,10.5,4,101.0,138.0,4.391304347826087,0.007246376811594203,2.0,4
Greg Thompson,1.0,0.10526315789473684,0.0,0.05263157894736842,0.0,2,-1.0,-1.0,6.0,0.0,0.0,3
Asghar Afghan,22.933333333333334,0.6754558204768584,0.12380952380952381,0.025245441795231416,9.561904761904762,105,55.0,94.19999999999999,3.5031847133757963,0.010615711252653929,1.0,7
Tim Southee,7.941860465116279,1.0148588410104011,0.011627906976744186,0.06240713224368499,4.27906976744186,86,44.63291139240506,48.29620253164558,5.544896996383078,0.02070556167112229,36.0,141
Yamin Ahmadzai,1.5,0.42857142857142855,0.0,0.0,0.0,2,63.0,48.0,7.875,0.020833333333333332,0.0,4
John Hastings,13.095238095238095,0.9963768115942029,0.047619047619047616,0.03260869565217391,7.809523809523809,21,45.75,51.9375,5.285198555956678,0.019253910950661854,4.0,29
Neil Broom,24.794871794871796,0.8264957264957264,0.15384615384615385,0.023931623931623933,9.846153846153847,39,-1.0,-1.0,-1.0,-1.0,-1.0,0
Khaleel Ahmed,3.0,0.5294117647058824,0.0,0.11764705882352941,1.3333333333333333,3,64.5,69.0,5.608695652173913,0.014492753623188406,1.0,11
Max Sorensen,15.625,0.8064516129032258,0.0,0.03870967741935484,8.25,8,41.5,42.0,5.928571428571429,0.023809523809523808,4.0,12
Vernon Philander,7.947368421052632,0.722488038277512,0.0,0.0430622009569378,2.9473684210526314,19,29.57894736842105,35.93684210526315,4.938488576449912,0.027826596367896896,7.0,28
Usman Ghani,28.2,0.8026565464895635,0.2,0.024667931688804556,13.866666666666667,15,33.0,37.2,5.32258064516129,0.026881720430107524,0.0,2
Stuart Broad,7.779411764705882,0.7756598240469208,0.0,0.051319648093841645,2.9411764705882355,68,33.93150684931507,37.389041095890406,5.445152780830952,0.026745804938814396,23.0,121
Shane Getkate,11.5,1.0,0.0,0.043478260869565216,7.0,2,22.5,25.5,5.294117647058823,0.0392156862745098,1.0,3
Rubel Hossain,2.6923076923076925,0.6481481481481481,0.0,0.0787037037037037,1.1923076923076923,52,30.533333333333335,32.24,5.682382133995037,0.031017369727047144,8.0,99
James Vince,24.454545454545453,0.893687707641196,0.09090909090909091,0.03322259136212625,13.818181818181818,11,-1.0,-1.0,-1.0,-1.0,-1.0,0
Ben Duckett,43.666666666666664,0.8451612903225807,0.6666666666666666,0.012903225806451613,15.333333333333334,3,-1.0,-1.0,-1.0,-1.0,-1.0,0
Hamish Bennett,1.4285714285714286,0.5,0.0,0.05,0.0,7,37.75,37.5,6.04,0.02666666666666667,2.0,18
Bhuvneshwar Kumar,10.192307692307692,0.780559646539028,0.019230769230769232,0.042709867452135494,4.3076923076923075,52,47.81578947368421,50.62105263157895,5.667498440424204,0.019754626741526303,15.0,113
Anton Devcich,18.09090909090909,0.7928286852589641,0.09090909090909091,0.035856573705179286,9.090909090909092,11,230.0,222.0,6.216216216216216,0.0045045045045045045,0.0,11
Scott Kuggeleijn,11.0,1.8333333333333333,0.0,0.0,4.0,1,13.666666666666666,18.0,4.555555555555555,0.05555555555555555,1.0,2
Rovman Powell,22.0,0.8388683886838868,0.0967741935483871,0.03198031980319803,11.096774193548388,31,71.33333333333333,77.0,5.558441558441558,0.012987012987012988,0.0,13
Sunil Narine,8.066666666666666,0.8962962962962963,0.0,0.06172839506172839,4.8,45,28.127659574468087,39.67659574468085,4.2535392535392536,0.025203775203775203,19.0,65
Kedar Jadhav,27.326923076923077,1.0186379928315412,0.15384615384615385,0.022222222222222223,13.615384615384615,52,51.5,55.5,5.5675675675675675,0.018018018018018018,0.0,42
Aaron Finch,41.39344262295082,0.8926993105886513,0.3360655737704918,0.019091391196747392,21.688524590163933,122,58.25,65.25,5.35632183908046,0.01532567049808429,1.0,21
Chris Woakes,18.0,0.9139072847682119,0.057971014492753624,0.03164091243561442,6.63768115942029,69,31.511904761904763,35.042857142857144,5.3954341622503055,0.028536485935589072,30.0,97
Thomas Blundell,15.5,0.8857142857142857,0.0,0.05714285714285714,8.0,2,-1.0,-1.0,-1.0,-1.0,-1.0,0
Andile Phehlukwayo,16.676470588235293,0.9014308426073132,0.029411764705882353,0.02384737678855326,9.823529411764707,34,29.02777777777778,30.333333333333332,5.741758241758242,0.03296703296703297,7.0,55
Matthew Henry,10.047619047619047,1.0876288659793814,0.0,0.05670103092783505,6.190476190476191,21,29.03448275862069,30.165517241379312,5.775034293552812,0.033150434385002286,4.0,50
David Willey,10.481481481481481,0.8372781065088757,0.037037037037037035,0.04142011834319527,4.7407407407407405,27,50.04761904761905,51.285714285714285,5.855153203342619,0.019498607242339833,9.0,45
Todd Astle,15.8,1.025974025974026,0.0,0.03896103896103896,6.4,5,27.333333333333332,34.0,4.823529411764706,0.029411764705882353,1.0,8
Mohammad Naim,-1.0,-1.0,-1.0,-1.0,-1.0,0,-1.0,-1.0,-1.0,-1.0,-1.0,0
Nathan Coulter-Nile,12.19047619047619,0.9961089494163424,0.047619047619047616,0.05058365758754864,5.523809523809524,21,32.241379310344826,33.43448275862069,5.785891089108911,0.02990924092409241,5.0,32
Cameron White,27.584415584415584,0.8069908814589666,0.16883116883116883,0.021656534954407294,11.03896103896104,77,22.22222222222222,23.133333333333336,5.763688760806916,0.04322766570605187,2.0,19
Rashid Khan,16.446428571428573,1.0154355016538037,0.07142857142857142,0.04520396912899669,8.785714285714286,56,21.32941176470588,30.360000000000003,4.215298767728435,0.03293807641633728,17.0,67
James Faulkner,20.23076923076923,1.0541082164328657,0.09615384615384616,0.026052104208416832,9.73076923076923,52,29.514285714285716,32.71714285714285,5.412627718103223,0.030565016155794256,9.0,67
Jean-Paul Duminy,29.279329608938546,0.8508116883116883,0.17318435754189945,0.02142857142857143,10.201117318435754,179,45.78688524590164,50.72459016393443,5.415939499709133,0.01971430418201797,8.0,135
Mitchell McClenaghan,7.714285714285714,0.8244274809160306,0.0,0.03816793893129771,4.142857142857143,14,32.333333333333336,29.94285714285714,6.479007633587787,0.033396946564885496,2.0,45
Abul Hasan,3.6666666666666665,0.6875,0.0,0.1875,1.3333333333333333,3,-1.0,-1.0,6.578947368421052,0.0,0.0,7
Gulbadin Naib,18.946428571428573,0.7368055555555556,0.08928571428571429,0.029861111111111113,8.678571428571429,56,33.642857142857146,39.28571428571428,5.1381818181818195,0.025454545454545462,10.0,60
Tamim Iqbal,36.302439024390246,0.7949156163212988,0.2926829268292683,0.01901303140354625,17.89268292682927,205,-1.0,-1.0,8.0,0.0,0.0,2
Mitchell Marsh,29.943396226415093,0.9275277615429574,0.22641509433962265,0.023378141437755698,13.962264150943396,53,39.07692307692308,42.16923076923077,5.560014593214155,0.02371397300255381,6.0,54
Mark Chapman,27.5,0.9322033898305084,0.16666666666666666,0.022598870056497175,11.0,6,-1.0,-1.0,-1.0,-1.0,-1.0,0
Babar Azam,48.09722222222222,0.8729518527854803,0.3472222222222222,0.015124779430299974,18.63888888888889,72,-1.0,-1.0,-1.0,-1.0,-1.0,0
Travis Head,33.76923076923077,0.9064005505849966,0.2564102564102564,0.02477632484514797,16.307692307692307,39,61.63636363636363,62.67272727272728,5.900783289817232,0.015955903684363212,0.0,26
Kyle Abbott,5.846153846153846,0.608,0.0,0.064,1.8461538461538463,13,47.4,58.620000000000005,4.851586489252814,0.017059024223814397,8.0,27
Mohammad Nawaz,16.916666666666668,0.9354838709677419,0.08333333333333333,0.041474654377880185,6.5,12,35.42857142857143,40.84285714285714,5.204616998950682,0.02448408534452606,2.0,15
Siddarth Kaul,0.5,0.5,0.0,0.5,0.0,2,-1.0,-1.0,7.375,0.0,0.0,3
Wahab Riaz,10.75,0.9064558629776021,0.03125,0.048748353096179184,5.71875,64,36.231884057971016,37.165217391304346,5.84932147870847,0.026906878802058967,9.0,88
Callum Ferguson,27.32,0.8548185231539425,0.2,0.02002503128911139,9.76,25,-1.0,-1.0,-1.0,-1.0,-1.0,0
Tom Banton,25.0,0.9090909090909091,0.0,0.03636363636363636,17.0,2,-1.0,-1.0,-1.0,-1.0,-1.0,0
Brandon King,24.25,0.697841726618705,0.0,0.02158273381294964,14.0,4,-1.0,-1.0,-1.0,-1.0,-1.0,0
Kane Richardson,6.25,1.293103448275862,0.0,0.05172413793103448,4.333333333333333,12,34.583333333333336,36.349999999999994,5.708390646492435,0.027510316368638245,3.0,25
Mustafizur Rahman,2.888888888888889,0.7222222222222222,0.0,0.05555555555555555,1.3333333333333333,27,20.033333333333335,23.36,5.14554794520548,0.042808219178082196,4.0,57
Aaron Phangiso,6.230769230769231,0.5472972972972973,0.0,0.05405405405405406,1.5384615384615385,13,30.923076923076923,39.784615384615385,4.663573085846868,0.0251353441608662,4.0,21
Jacob Ball,6.333333333333333,0.8260869565217391,0.0,0.043478260869565216,4.0,6,30.6,37.2,4.935483870967742,0.026881720430107527,0.0,18
James Shannon,2.0,0.25,0.0,0.125,0.0,1,-1.0,-1.0,-1.0,-1.0,-1.0,0
Dane Paterson,-1.0,-1.0,-1.0,-1.0,-1.0,0,-1.0,-1.0,-1.0,-1.0,0.0,4
Dawid Malan,24.0,0.8,0.0,0.03333333333333333,12.0,1,-1.0,-1.0,-1.0,-1.0,-1.0,0
Shaun Marsh,39.736111111111114,0.8207114170969593,0.3055555555555556,0.018646012621916237,16.72222222222222,72,-1.0,-1.0,-1.0,-1.0,-1.0,0
Veerasammy Permaul,4.75,0.76,0.0,0.12,1.0,4,52.5,63.0,5.0,0.015873015873015872,0.0,7
Sayed Shirzad,25.0,1.4705882352941178,0.0,0.058823529411764705,20.0,1,56.0,48.0,7.0,0.020833333333333332,0.0,1
Suresh Raina,29.788659793814432,0.9438183896782623,0.211340206185567,0.02368120202515107,13.422680412371134,194,53.51851851851852,61.022222222222226,5.262199563000728,0.01638747268754552,3.0,101
Lockie Ferguson,3.9375,0.5163934426229508,0.0,0.040983606557377046,1.125,16,34.888888888888886,36.06666666666667,5.804066543438077,0.0277264325323475,1.0,37
Khary Pierre,19.5,0.8297872340425532,0.0,0.0425531914893617,11.0,2,112.0,114.0,5.894736842105263,0.008771929824561403,0.0,3
Roelof van der Merwe,12.5,1.0309278350515463,0.125,0.041237113402061855,6.25,8,43.857142857142854,54.857142857142854,4.796875,0.018229166666666668,1.0,15
Mohammad Shahzad,33.416666666666664,0.8902632413574374,0.23809523809523808,0.024421186171899777,19.30952380952381,84,-1.0,-1.0,-1.0,-1.0,-1.0,0
Samiullah Shinwari,25.06756756756757,0.657102373361672,0.13513513513513514,0.021608218207580587,9.513513513513514,74,50.82142857142857,57.878571428571426,5.2684191040355435,0.01727755152412687,5.0,65
Junaid Khan,2.193548387096774,0.6126126126126126,0.0,0.07207207207207207,0.7096774193548387,31,33.0,34.94285714285714,5.666394112837286,0.028618152085036798,5.0,76
Stuart Thompson,15.2,0.9083665338645418,0.0,0.055776892430278883,7.6,15,37.4,39.84,5.632530120481928,0.0251004016064257,1.0,16
Najeeb Tarakai,5.0,0.2777777777777778,0.0,0.05555555555555555,0.0,1,-1.0,-1.0,-1.0,-1.0,-1.0,0
Josh Little,4.5,1.5,0.0,0.16666666666666666,4.0,2,11.25,12.0,5.625,0.08333333333333333,0.0,4
Devendra Bishoo,6.56,0.6666666666666666,0.0,0.028455284552845527,2.96,25,56.0,60.25,5.576763485477178,0.016597510373443983,2.0,40
Najibullah Zadran,26.35483870967742,0.906267332224071,0.1935483870967742,0.027731558513588463,14.161290322580646,62,-1.0,-1.0,6.0,0.0,0.0,2
Karim Janat,9.0,0.2727272727272727,0.0,0.030303030303030304,0.0,1,-1.0,-1.0,7.75,0.0,0.0,1
Gareth Delany,16.5,0.6470588235294118,0.0,0.0392156862745098,11.0,2,-1.0,-1.0,16.5,0.0,0.0,1
Reeza Hendricks,24.714285714285715,0.7677514792899408,0.14285714285714285,0.026627218934911243,10.761904761904763,21,47.0,42.0,6.714285714285714,0.023809523809523808,0.0,3
Shabir Noori,19.5,0.6521739130434783,0.1,0.026755852842809364,10.2,10,-1.0,-1.0,-1.0,-1.0,-1.0,0
Tim Murtagh,5.222222222222222,0.6787003610108303,0.0,0.061371841155234655,2.0555555555555554,36,25.522727272727273,34.36363636363637,4.4563492063492065,0.0291005291005291,22.0,57
Nicholas Pooran,41.91304347826087,1.0723025583982202,0.34782608695652173,0.020022246941045607,22.956521739130434,23,-1.0,-1.0,-1.0,-1.0,-1.0,0
Jonny Bairstow,42.9,1.052945301542777,0.2857142857142857,0.019985974754558204,24.714285714285715,70,-1.0,-1.0,-1.0,-1.0,-1.0,0
Patrick Cummins,6.5,0.7624633431085044,0.0,0.05865102639296188,2.5,40,30.391304347826086,36.58695652173913,4.983957219251337,0.027332144979203804,22.0,64
Andy McBrine,10.714285714285714,0.7228915662650602,0.03571428571428571,0.04096385542168675,3.7142857142857144,28,39.23076923076923,52.03846153846154,4.523281596452328,0.019216555801921657,11.0,43
Rishi Dhawan,6.0,0.9230769230769231,0.0,0.07692307692307693,2.0,2,-1.0,-1.0,5.733333333333333,0.0,0.0,3
Usman Khawaja,41.282051282051285,0.8451443569553806,0.358974358974359,0.01837270341207349,17.384615384615383,39,-1.0,-1.0,-1.0,-1.0,-1.0,0
Mohammad Hasnain,14.0,1.6470588235294117,0.0,0.058823529411764705,11.0,2,67.0,48.0,8.375,0.020833333333333332,0.0,5
Dean Brownlie,24.333333333333332,0.7433808553971487,0.06666666666666667,0.028513238289205704,12.666666666666666,15,-1.0,-1.0,-1.0,-1.0,-1.0,0
Temba Bavuma,57.166666666666664,0.9245283018867925,0.3333333333333333,0.016172506738544475,24.0,6,-1.0,-1.0,-1.0,-1.0,-1.0,0
Jeetan Patel,6.333333333333333,0.6089743589743589,0.0,0.038461538461538464,2.1333333333333333,15,50.333333333333336,54.199999999999996,5.571955719557196,0.018450184501845022,0.0,42
Jason Roy,42.674698795180724,1.0811965811965811,0.3132530120481928,0.022588522588522588,24.02409638554217,83,-1.0,-1.0,-1.0,-1.0,-1.0,0
Obed McCoy,0.0,-1.0,0.0,-1.0,0.0,1,-1.0,-1.0,-1.0,-1.0,0.0,2
Simi Singh,14.235294117647058,0.599009900990099,0.0,0.03712871287128713,4.9411764705882355,17,25.176470588235293,37.76470588235294,4.0,0.0264797507788162,4.0,15
Sharjeel Khan,33.6,1.16991643454039,0.28,0.03203342618384401,23.36,25,-1.0,-1.0,-1.0,-1.0,-1.0,0
Alexander Hales,37.298507462686565,0.9637485537986887,0.29850746268656714,0.022753567296567682,20.955223880597014,67,-1.0,-1.0,-1.0,-1.0,-1.0,0
Ashton Agar,17.181818181818183,0.9043062200956937,0.0,0.03349282296650718,7.818181818181818,11,77.16666666666667,78.0,5.935897435897436,0.01282051282051282,0.0,13
Nikita Miller,10.666666666666666,0.8067226890756303,0.037037037037037035,0.028011204481792718,4.296296296296297,27,64.83333333333333,78.55,4.952259707192871,0.012730744748567793,3.0,46
Ross Taylor,41.02777777777778,0.8392045454545455,0.3287037037037037,0.015909090909090907,17.22222222222222,216,-1.0,-1.0,5.0,0.0,0.0,4
Fareed Ahmad,0.5,1.0,0.0,0.0,0.0,2,-1.0,-1.0,5.0,0.0,0.0,4
Shreyas Iyer,49.0,1.0116129032258065,0.5625,0.01935483870967742,24.625,16,-1.0,-1.0,7.5,0.0,0.0,2
Ahmed Shehzad,33.148148148148145,0.7296195652173914,0.24691358024691357,0.01983695652173913,14.469135802469136,81,45.0,38.099999999999994,7.086614173228347,0.02624671916010499,0.0,9
Murali Vijay,21.4375,0.6712328767123288,0.0625,0.03131115459882583,9.375,16,37.0,36.0,6.166666666666667,0.027777777777777776,0.0,2
Evin Lewis,34.458333333333336,0.8430173292558614,0.22916666666666666,0.022426095820591234,19.208333333333332,48,-1.0,-1.0,-1.0,-1.0,-1.0,0
Shaheen Shah Afridi,5.25,0.7368421052631579,0.0,0.017543859649122806,2.5,8,29.636363636363637,26.727272727272727,6.653061224489796,0.03741496598639456,1.0,18
Kemar Roach,5.4035087719298245,0.5992217898832685,0.0,0.029182879377431907,2.3157894736842106,57,32.66,39.023999999999994,5.021525215252153,0.02562525625256253,22.0,90
Colin Munro,24.58490566037736,1.059349593495935,0.1509433962264151,0.03577235772357724,14.49056603773585,53,74.6,85.2,5.253521126760563,0.011737089201877934,1.0,25
Javed Ahmadi,24.48780487804878,0.7646610814927647,0.17073170731707318,0.0297029702970297,13.21951219512195,41,34.75,43.349999999999994,4.809688581314879,0.023068050749711654,0.0,17
Nazmul Islam,7.0,0.5384615384615384,0.0,0.07692307692307693,0.0,1,56.0,60.0,5.6,0.016666666666666666,0.0,5
Darren Bravo,27.64814814814815,0.7085904129093498,0.19444444444444445,0.021120075937351684,12.62962962962963,108,-1.0,-1.0,-1.0,-1.0,-1.0,0
Ashley Nurse,12.55,0.9862475442043221,0.0,0.047151277013752456,6.2,40,44.026315789473685,50.95263157894736,5.184381778741866,0.019626071686809216,5.0,49
Dale Steyn,7.235294117647059,0.6962264150943396,0.0196078431372549,0.05849056603773585,3.803921568627451,51,28.627118644067796,35.52203389830509,4.835385055825937,0.02815154117759328,23.0,124
Kieran Powell,23.65909090909091,0.7946564885496183,0.20454545454545456,0.030534351145038167,12.5,44,-1.0,-1.0,-1.0,-1.0,-1.0,0
Ravichandran Ashwin,11.131147540983607,0.8795336787564767,0.01639344262295082,0.046632124352331605,4.459016393442623,61,40.56140350877193,50.06315789473685,4.861227922624054,0.01997476871320437,16.0,109
Chris Morris,17.444444444444443,1.0085653104925054,0.037037037037037035,0.04925053533190578,8.666666666666666,27,41.758620689655174,44.48275862068966,5.632558139534884,0.02248062015503876,7.0,40
Hashmatullah Shahidi,28.153846153846153,0.6428571428571429,0.23076923076923078,0.016978922716627636,9.692307692307692,39,-1.0,-1.0,8.333333333333334,0.0,0.0,2
Rayad Emrit,6.5,0.3939393939393939,0.0,0.030303030303030304,2.0,2,-1.0,-1.0,7.222222222222222,0.0,0.0,2
Moises Henriques,8.1,0.680672268907563,0.0,0.07563025210084033,2.8,10,46.0,54.0,5.111111111111111,0.018518518518518517,1.0,10
Andy Balbirnie,30.71875,0.764683002722676,0.21875,0.021781408012446518,13.71875,64,34.0,30.0,6.8,0.03333333333333333,0.0,3
Mashrafe Mortaza,11.335443037974683,0.9119144602851323,0.006329113924050633,0.05855397148676171,6.151898734177215,158,37.44736842105263,45.72631578947369,4.913674033149171,0.021869244935543278,74.0,220
Keemo Paul,16.46153846153846,0.8991596638655462,0.0,0.03361344537815126,8.76923076923077,13,45.72727272727273,43.36363636363637,6.327044025157233,0.023060796645702306,1.0,19
Manish Pandey,24.0,0.935064935064935,0.14285714285714285,0.022263450834879406,8.952380952380953,21,-1.0,-1.0,-1.0,-1.0,-1.0,0
Vijay Shankar,27.875,0.9065040650406504,0.0,0.028455284552845527,13.0,8,31.5,35.25,5.361702127659575,0.028368794326241134,0.0,9
James Neesham,24.25925925925926,0.9834834834834835,0.1111111111111111,0.03153153153153153,11.851851851851851,54,38.333333333333336,35.78666666666667,6.426974664679582,0.02794336810730253,3.0,59
Rishabh Pant,27.0,1.0384615384615385,0.07142857142857142,0.03571428571428571,15.714285714285714,14,-1.0,-1.0,-1.0,-1.0,-1.0,0
Mohammad Hafeez,31.52777777777778,0.7763337893296853,0.22685185185185186,0.02074783401732786,15.351851851851851,216,38.82442748091603,55.18167938931298,4.22144754316069,0.018121956617972553,43.0,177
Jofra Archer,1.8571428571428572,0.6190476190476191,0.0,0.14285714285714285,0.5714285714285714,7,28.875,32.25,5.372093023255814,0.031007751937984496,4.0,14
Afif Hossain,7.0,1.75,0.0,0.25,4.0,1,12.0,12.0,6.0,0.08333333333333333,0.0,1
Sohail Khan,4.166666666666667,0.49019607843137253,0.0,0.09803921568627451,1.3333333333333333,6,35.111111111111114,35.0,6.019047619047619,0.02857142857142857,2.0,13
John Campbell,50.4,1.1612903225806452,0.2,0.02304147465437788,29.6,5,-1.0,-1.0,13.0,0.0,0.0,1
Mitchell Santner,16.642857142857142,0.8970163618864293,0.03571428571428571,0.029836381135707413,7.535714285714286,56,37.96363636363636,45.130909090909086,5.04713560551124,0.022157763274514544,11.0,67
Khalid Latif,30.2,0.6565217391304348,0.2,0.017391304347826087,10.4,5,-1.0,-1.0,-1.0,-1.0,-1.0,0
Quinton de Kock,43.760330578512395,0.9523381294964028,0.3305785123966942,0.019964028776978417,23.173553719008265,121,-1.0,-1.0,-1.0,-1.0,-1.0,0
Najmul Hossain Shanto,11.0,0.5913978494623656,0.0,0.053763440860215055,4.0,5,-1.0,-1.0,-1.0,-1.0,-1.0,0
Tom Latham,30.17391304347826,0.8460835111246571,0.21739130434782608,0.02285888448643706,12.26086956521739,92,-1.0,-1.0,-1.0,-1.0,-1.0,0
Corey Anderson,25.65909090909091,1.1036168132942326,0.11363636363636363,0.03519061583577713,15.318181818181818,44,23.428571428571427,23.410714285714285,6.004576659038902,0.04271548436308162,10.0,43
Oshane Thomas,1.3,0.4642857142857143,0.0,0.07142857142857142,0.4,10,86.5,69.0,7.521739130434782,0.014492753623188406,1.0,19
Jason Mohammed,23.625,0.7069825436408977,0.16666666666666666,0.026184538653366583,10.0,24,-1.0,-1.0,5.458333333333333,0.0,1.0,8
Scott Boland,2.25,0.47368421052631576,0.0,0.10526315789473684,0.0,4,27.714285714285715,22.285714285714285,7.461538461538462,0.04487179487179487,0.0,13
Craig Young,4.142857142857143,0.8787878787878788,0.0,0.09090909090909091,2.5714285714285716,7,34.5,35.55,5.822784810126582,0.028129395218002815,1.0,13
Zulfiqar Babar,7.0,0.875,0.0,0.05,2.8,5,61.5,73.5,5.020408163265306,0.013605442176870748,1.0,5
D'Arcy Short,26.875,0.7904411764705882,0.125,0.022058823529411766,8.75,8,-1.0,-1.0,7.6,0.0,0.0,5
Virat Kohli,51.34309623430963,0.9368605894029622,0.41841004184100417,0.01427698885326004,21.715481171548117,239,144.25,139.8,6.190987124463519,0.007153075822603719,1.0,48
Douglas Bracewell,13.5,0.7570093457943925,0.08333333333333333,0.04205607476635514,5.166666666666667,12,60.57142857142857,72.17142857142858,5.03562945368171,0.013855898653998415,7.0,19
Liton Das,30.63888888888889,0.9658493870402802,0.16666666666666666,0.02626970227670753,16.22222222222222,36,-1.0,-1.0,-1.0,-1.0,-1.0,0
Shannon Gabriel,1.5,0.46153846153846156,0.0,0.057692307692307696,0.25,16,35.75,33.75,6.355555555555555,0.02962962962962963,3.0,25
William Porterfield,30.904411764705884,0.6975933609958507,0.20588235294117646,0.02058091286307054,13.852941176470589,136,-1.0,-1.0,-1.0,-1.0,-1.0,0
John Anderson,18.875,0.5655430711610487,0.0,0.0299625468164794,11.5,8,-1.0,-1.0,4.0,0.0,0.0,2
Shakib Al Hasan,33.74742268041237,0.8334818586887333,0.28865979381443296,0.02011457670273711,13.1340206185567,194,31.035087719298247,41.10526315789474,4.530089628681178,0.024327784891165175,74.0,203
Christiaan Jonker,15.5,0.9393939393939394,0.0,0.06060606060606061,13.0,2,-1.0,-1.0,-1.0,-1.0,-1.0,0
Yuzvendra Chahal,5.444444444444445,0.6712328767123288,0.0,0.0684931506849315,3.111111111111111,9,35.375,39.3,5.400763358778626,0.025445292620865142,2.0,51
Ariful Haque,-1.0,-1.0,-1.0,-1.0,-1.0,0,-1.0,-1.0,-1.0,-1.0,0.0,1
Mark Wood,3.2941176470588234,0.9655172413793104,0.0,0.06896551724137931,1.411764705882353,17,51.5,52.5,5.885714285714286,0.01904761904761905,2.0,50
Mohammad Mithun,25.869565217391305,0.8040540540540541,0.21739130434782608,0.025675675675675677,12.173913043478262,23,-1.0,-1.0,-1.0,-1.0,-1.0,0
Lutho Sipamla,10.0,0.7142857142857143,0.0,0.0,0.0,1,41.0,55.199999999999996,4.4565217391304355,0.018115942028985508,1.0,3
Janneman Malan,52.0,0.9230769230769231,0.3333333333333333,0.005917159763313609,22.666666666666668,3,-1.0,-1.0,-1.0,-1.0,-1.0,0
Heinrich Klaasen,31.8125,0.9496268656716418,0.25,0.020522388059701493,15.625,16,-1.0,-1.0,6.333333333333333,0.0,0.0,1
Dwaine Pretorius,13.9,0.952054794520548,0.1,0.0547945205479452,6.0,10,25.833333333333332,32.1,4.8286604361370715,0.031152647975077878,3.0,22
Mohammed Shami,4.083333333333333,0.9130434782608695,0.0,0.08695652173913043,2.2222222222222223,36,29.346938775510203,30.64897959183674,5.745105872952457,0.03262751365028632,11.0,76
Rilee Rossouw,36.542857142857144,0.9559043348281017,0.2857142857142857,0.020179372197309416,18.742857142857144,35,43.0,43.8,5.89041095890411,0.022831050228310504,0.0,3
Mohammad Saifuddin,22.923076923076923,0.863768115942029,0.15384615384615385,0.02318840579710145,10.153846153846153,13,47.2,47.4,5.974683544303797,0.02109704641350211,1.0,22
Shafiqullah,20.857142857142858,1.0814814814814815,0.09523809523809523,0.037037037037037035,12.0,21,-1.0,-1.0,-1.0,-1.0,-1.0,0
Mujeeb Ur Rahman,3.45,1.0615384615384615,0.0,0.06153846153846154,2.2,20,27.3125,38.4375,4.263414634146342,0.026016260162601626,5.0,39
Romario Shepherd,5.0,0.6521739130434783,0.0,0.13043478260869565,2.0,3,95.0,138.0,4.130434782608695,0.007246376811594203,3.0,5
Ibrahim Zadran,2.0,0.2222222222222222,0.0,0.1111111111111111,0.0,1,-1.0,-1.0,-1.0,-1.0,-1.0,0
Junior Dala,4.0,1.3333333333333333,0.0,0.16666666666666666,2.0,2,121.0,102.0,7.117647058823529,0.00980392156862745,0.0,2
Kuldeep Yadav,5.619047619047619,0.6378378378378379,0.0,0.043243243243243246,1.9047619047619047,21,26.807692307692307,30.23076923076923,5.320610687022901,0.03307888040712468,1.0,58
Joe Root,44.65693430656934,0.8776359202409985,0.35766423357664234,0.016066561468942763,15.83941605839416,137,58.17391304347826,59.84347826086957,5.832606800348736,0.016710258645742517,2.0,67
Andre Russell,22.340425531914892,1.3341804320203303,0.0851063829787234,0.04066073697585769,15.27659574468085,47,31.274509803921568,31.6,5.93819806403574,0.03164556962025316,10.0,55
Tom Curran,15.23076923076923,1.0421052631578946,0.0,0.015789473684210527,7.6923076923076925,13,26.235294117647058,26.329411764705885,5.978552278820374,0.03798033958891867,3.0,20
Chris Jordan,7.391304347826087,0.918918918918919,0.0,0.05945945945945946,3.391304347826087,23,35.2,33.504,6.303724928366762,0.02984718242597899,0.0,34
Kevin O'Brien,27.263157894736842,0.8975247524752475,0.15037593984962405,0.027475247524752475,13.428571428571429,133,33.495049504950494,37.94851485148514,5.295867251095805,0.026351492381548738,24.0,113
Martin Guptill,39.19444444444444,0.8813241723922548,0.29444444444444445,0.018363522798251094,21.288888888888888,180,45.0,50.099999999999994,5.389221556886228,0.019960079840319365,0.0,11
Chadwick Walton,6.625,0.7066666666666667,0.0,0.05333333333333334,3.5,8,-1.0,-1.0,-1.0,-1.0,-1.0,0
Josh Hazlewood,2.6,0.75,0.0,0.038461538461538464,1.6,15,29.916666666666668,38.15,4.705111402359109,0.026212319790301444,6.0,47
Eoin Morgan,34.721461187214615,0.919356788780075,0.2694063926940639,0.020916455084028535,16.977168949771688,219,-1.0,-1.0,-1.0,-1.0,-1.0,0
Karim Sadiq,21.954545454545453,0.8228279386712095,0.09090909090909091,0.028960817717206135,13.0,22,38.75,55.800000000000004,4.166666666666666,0.017921146953405017,1.0,12
Parthiv Patel,22.11764705882353,0.7907465825446898,0.11764705882352941,0.030494216614090432,10.529411764705882,34,-1.0,-1.0,-1.0,-1.0,-1.0,0
Farhaan Behardien,22.408163265306122,0.9856373429084381,0.12244897959183673,0.027827648114901255,9.510204081632653,49,51.5,53.64000000000001,5.760626398210291,0.018642803877703205,1.0,35
Chris Lynn,18.75,0.8522727272727273,0.0,0.03409090909090909,9.5,4,-1.0,-1.0,-1.0,-1.0,-1.0,0
Amit Mishra,3.909090909090909,0.5584415584415584,0.0,0.07792207792207792,1.4545454545454546,11,31.833333333333332,35.0,5.457142857142857,0.02857142857142857,4.0,34
Lungisani Ngidi,5.222222222222222,0.734375,0.0,0.046875,3.111111111111111,9,25.0,23.700000000000003,6.329113924050633,0.04219409282700422,2.0,26
Amir Hamza,1.4375,0.2804878048780488,0.0,0.07317073170731707,0.375,16,20.166666666666668,32.75,3.6946564885496183,0.030534351145038167,8.0,31
Beuran Hendricks,2.5,0.35714285714285715,0.0,0.07142857142857142,0.0,2,30.0,34.0,5.294117647058823,0.029411764705882353,0.0,5
Sam Curran,8.0,0.5106382978723404,0.0,0.06382978723404255,3.3333333333333335,3,59.0,51.0,6.9411764705882355,0.0196078431372549,0.0,4
Jason Behrendorff,3.8,1.3571428571428572,0.0,0.07142857142857142,0.0,5,41.4,38.76,6.408668730650155,0.02579979360165119,3.0,11
James Anderson,3.358974358974359,0.5458333333333333,0.0,0.052083333333333336,1.1794871794871795,78,36.70967741935484,42.66774193548387,5.162168292129735,0.023436909352082865,34.0,191
Marcus Stoinis,28.36842105263158,0.9253218884120171,0.18421052631578946,0.0240343347639485,15.052631578947368,38,45.81481481481482,44.95555555555556,6.114681166584281,0.022244191794364803,1.0,39
Carlos Brathwaite,15.324324324324325,0.9204545454545454,0.05405405405405406,0.05194805194805195,8.0,37,47.8125,47.568749999999994,6.030744974379188,0.021022204703718305,8.0,40
Haris Sohail,41.85,0.8558282208588958,0.375,0.017382413087934562,16.5,40,61.22222222222222,65.33333333333333,5.622448979591836,0.015306122448979591,0.0,21
Umar Amin,17.1875,0.6926952141057935,0.0625,0.037783375314861464,7.75,16,-1.0,-1.0,3.4285714285714284,0.0,0.0,3
Jason Holder,20.184782608695652,0.9498721227621484,0.09782608695652174,0.03273657289002557,9.434782608695652,92,39.95789473684211,42.682105263157894,5.617046463450725,0.023429022393212984,30.0,111
Ben Foakes,65.0,0.8024691358024691,1.0,0.0,18.0,1,-1.0,-1.0,-1.0,-1.0,-1.0,0
Henry Nicholls,29.29787234042553,0.8235645933014354,0.2553191489361702,0.019138755980861243,11.659574468085106,47,-1.0,-1.0,-1.0,-1.0,-1.0,0
Joe Denly,35.53846153846154,0.7085889570552147,0.3076923076923077,0.019938650306748466,16.307692307692307,13,92.0,96.0,5.75,0.010416666666666666,0.0,4
Fakhar Zaman,44.04347826086956,0.9624703087885986,0.3695652173913043,0.017577197149643706,23.869565217391305,46,62.0,69.6,5.344827586206897,0.014367816091954025,0.0,7
Boyd Rankin,2.9411764705882355,0.43478260869565216,0.0,0.0391304347826087,0.6470588235294118,34,29.058823529411764,37.64117647058824,4.631973745897796,0.026566651039224874,16.0,73
Aamer Yamin,33.0,0.99,0.3333333333333333,0.01,20.666666666666668,3,62.5,60.0,6.25,0.016666666666666666,1.0,4
Adil Rashid,13.5,1.0259067357512954,0.022727272727272728,0.04835924006908463,6.7727272727272725,44,36.18,38.388,5.6548921537980625,0.02604980723142649,2.0,94
Mosaddeck Hossain,18.566666666666666,0.8771653543307086,0.06666666666666667,0.029921259842519685,9.266666666666667,30,48.53846153846154,55.01538461538462,5.293624161073826,0.018176733780760627,1.0,33
